cluster,B220_CD45R,CD105,CD163,CD19,CD20,CD3,CD31,CD4,CD68,CD8,F4_80,IgD,IgM,MadCAM1
0,1.0081838,-0.28445548,-0.9063868,1.0107392,-0.24682376,0.76366496,-0.082952395,0.8214268,-0.5870973,0.112468086,-0.82794684,0.97655886,0.45448136,0.13611065
1,-0.7446451,1.5715997,1.8028066,-0.78488755,1.6464212,-0.24332957,1.3905663,-0.21614498,1.6727854,1.1519716,1.7293264,-0.5641609,0.28942764,1.1738715
2,0.85100967,-0.66701096,-1.500818,0.85753053,-0.3841606,1.7391596,-0.08576239,1.5207965,-1.369112,0.813394,-1.6176125,0.80524445,-0.043221682,0.06327645
3,0.28606224,-0.062442366,-0.101490535,0.24574348,-0.14720416,-0.16373241,-0.12999344,-0.04385577,0.051206823,-0.43938622,-0.03388868,0.25036407,0.31335065,-0.16668297
4,-0.48451027,-0.10223848,0.39754853,-0.4818119,-0.21513812,-0.6759751,-0.44603276,-0.7292863,0.39226583,-0.6560861,0.44463497,-0.43164295,0.079152934,-0.48617908
5,-1.8667016,-1.6216595,-0.32540286,-1.8335226,-1.7048607,-1.6693797,-1.8440365,-1.798223,-1.0321994,-1.8862844,-0.3277406,-1.9833666,-2.2794762,-1.9532754
6,0.9506021,1.1662142,0.63374466,0.9862113,1.0517699,0.24959907,1.1982087,0.4452858,0.8721559,0.9039073,0.63322437,0.9470175,1.1862875,1.2328733
